slope_Outdoor view,r_value_Outdoor view,p_value_Outdoor view,std_err_Outdoor view,timestamp_Outdoor view,slope_Indoor w/ window,r_value_Indoor w/ window,p_value_Indoor w/ window,std_err_Indoor w/ window,timestamp_Indoor w/ window,slope_Indoor w/o window,r_value_Indoor w/o window,p_value_Indoor w/o window,std_err_Indoor w/o window,timestamp_Indoor w/o window
-0.2552520823357034,-0.8523066090283714,4.12118425563729e-15,0.022609439078504257,20230421T2100,-1.352002642014329,-0.990717507135648,2.9048698230290683e-43,0.026775908420966454,20240110T1600,-1.548015142546265,-0.9811553929731998,6.273626486165338e-36,0.04400171500107192,20230613T1430
-1.0167802075346066,-0.9827522730669491,7.626307988958034e-37,0.027616114212028482,20230302T1530,-1.1384325438195628,-0.9905554634783781,4.392694367971338e-43,0.022744969169587306,20230803T1200,-1.2106799238079047,-0.9857100556111289,8.625179171322174e-39,0.02986295102018717,20231120T1430
-1.4486073118364096,-0.987204126306198,6.19330608653275e-40,0.03377375158924322,20230614T1000,-0.956530795115838,-0.9621971348681361,9.152017130308847e-29,0.039079406145434224,20231114T1700,-1.3277876361209513,-0.9891255131446053,1.2744343524511914e-41,0.028496536450815072,20230616T1030
-1.4674446167890343,-0.9839655678504483,1.342449522015544e-37,0.03839326591186772,20240315T1530,-1.5672531807905623,-0.9946615413113744,5.201532344822583e-49,0.0234685233939155,20231022T1300,-1.3350968320707517,-0.9889383188086069,1.915632170768093e-41,0.028903082860306843,20231122T1400
-1.2936389885541686,-0.9701063944031886,3.5754267843366236e-31,0.046709702445050606,20230208T1630,-1.4461673565445263,-0.979464734512162,4.840115688349802e-35,0.04296681649834735,20230619T1030,-1.5313875004322788,-0.9840981022633352,1.101607983793035e-37,0.039896255264563724,20230404T1200
-1.4258493807757597,-0.9869130825638683,1.0590994035398487e-39,0.03362654461690404,20230224T1400,-1.1486572771002048,-0.9855397628160054,1.1439926574515679e-38,0.028505108680051957,20230310T1030,-1.21025386146151,-0.9859803074425487,5.4709564001262586e-39,0.02956271599013911,20231120T1100
-1.3300672217348477,-0.9801398692619381,2.1861806224448157e-35,0.03884220735581598,20230414T1730,-1.0241379577315344,-0.9865205222863364,2.1433829193136328e-39,0.024519679004466003,20231114T1230,-1.546800487193772,-0.9816616893537449,3.281715878782548e-36,0.04335570558345332,20230613T1100
-1.0597270443429432,-0.9761666823806453,1.6645587867124573e-33,0.034005835938560325,20230622T1300,-1.2407159143558386,-0.9758494776284355,2.278084695589869e-33,0.04008751107094111,20230614T1530,-1.3841506816920779,-0.9882253342411778,8.510092534147116e-41,0.03093241759052774,20231122T1130
-1.304698788928118,-0.9704557413484703,2.7070815396860213e-31,0.04682025746149219,20230224T1145,-1.41946979782829,-0.9911865129740964,8.413570265355837e-44,0.027382935883407865,20240110T1330,-1.3708521192672827,-0.9863287212319503,3.002203413840398e-39,0.03305814194215868,20230616T1500
-1.1389381373502907,-0.9868876603657006,1.1092819446693513e-39,0.026886764873021288,20231121T0900,-1.112595965997803,-0.9827205308489192,7.967564822161521e-37,0.0302470331894389,20230310T1500,-1.385032795830819,-0.9889006484347568,2.0776187620704436e-41,0.030036002043708137,20230621T1130
-1.4678157654456319,-0.9609788404534939,1.9327728526595993e-28,0.06098508638035006,20230210T1730,-1.4637227409870297,-0.9871094256654617,7.384507379401171e-40,0.03425468105569555,20230619T1500,-1.4508367402394313,-0.9895738384289061,4.662876791273528e-42,0.030478386855938025,20230626T1500
-0.9964886436533785,-0.973434106287318,2.1847474919619908e-32,0.03383130158588059,20240311T0930,-1.5186308155088426,-0.9935313979127204,5.154268758318443e-47,0.025053404563119615,20231022T1630,-1.3415490765715614,-0.9873837442522607,4.420198640278819e-40,0.031053180070020746,20230612T1630
-1.4160440897184052,-0.9722812431824,5.978428548253741e-32,0.04915136075799541,20240315T1000,-1.3737395663649457,-0.9914611811484295,3.947328777370291e-44,0.026079117804962953,20240110T0930,-1.3384630288884443,-0.9907059808430312,2.992304010990232e-43,0.026524445788182655,20230612T1300
-0.9839502173641617,-0.9816969327569862,3.134877688685778e-36,0.027552158582583086,20230302T1000,-1.3172422047603283,-0.9835190227556401,2.5825321335174114e-37,0.03495199093296582,20230322T1530,-1.3626182048486606,-0.9445523703196265,7.373114909829611e-25,0.06837208764268196,20230626T1030
-1.3653255674655154,-0.9902751505488587,8.835572216261484e-43,0.02768584141057855,20230404T1730,-1.4683959206531878,-0.9952047665602556,3.9828578887908073e-50,0.020830932763676147,20231115T1500,-1.3872999638305075,-0.990372707491721,6.944088780369338e-43,0.027987904298488703,20230621T1400
-1.0511217758018405,-0.9536147325735982,1.1274022995027093e-26,0.04789265968593766,20230210T1200,-1.5969797161133434,-0.9872521878430939,5.661498680505685e-40,0.03716165063169323,20240109T1500,-1.21139846416996,-0.9862148229404256,3.659043357259985e-39,0.029336895775374534,20231120T1530
-1.0800753170429318,-0.9876655427596154,2.5783993316799797e-40,0.024714691650962427,20230622T1630,-1.3250581588073214,-0.9907610967378864,2.5958265325794957e-43,0.02617972975216258,20240111T1400,-1.5470012766001617,-0.9812231549458912,5.7583663955075254e-36,0.04389148492267923,20230613T1530
-1.271807670683282,-0.9684786747764486,1.2532541817789118e-30,0.047214821280352204,20230414T1200,-1.2792220191000647,-0.9803633368032357,1.6704038377493152e-35,0.03714022501727575,20230322T1000,-1.2494407695119272,-0.9884470927898183,5.405402475988161e-41,0.02765312956740717,20231122T1500
-1.3179358841348254,-0.9789888888704866,8.342973229473811e-35,0.039622519633277065,20230224T0815,-1.4282342596608615,-0.9883901775339536,6.078224294125008e-41,0.03168939886455358,20231121T1300,-1.3292240799572126,-0.9889925842347508,1.7033944795319629e-41,0.02870409202689784,20230616T1130
-1.3514622257514457,-0.9793188194864924,5.727294048334854e-35,0.040299970846678135,20230224T1130,-1.00848969607906,-0.9440160605825278,9.233001561725818e-25,0.05086899007223095,20240111T1130,-1.5430522217122853,-0.9820373529321558,2.0053107240784797e-36,0.04279303455055791,20230613T1000
-1.3913129952608803,-0.966260261664525,6.253649473634659e-30,0.05353051971959365,20230208T1300,-1.6027096314588007,-0.9878517220293023,1.7935775941808898e-40,0.0363908182125,20240109T1030,-1.2120628690626944,-0.9866470620398305,1.7115936016158104e-39,0.028879620142999288,20231120T1000
-1.4429553733085572,-0.9866435047119008,1.722502693779824e-39,0.034385729970755306,20240322T1430,-1.5133438447442915,-0.9948815473195971,1.8990485077969506e-49,0.022185719769030148,20231022T0900,-1.3649695194412632,-0.9863702173935982,2.7922564071801982e-39,0.03286525044353399,20230616T1400
-1.1477246848583091,-0.9872620884727099,5.557518376243716e-40,0.026696930528811034,20231117T1530,-1.127039595872696,-0.9888306377458181,2.414164726185601e-41,0.024519393900724905,20230310T1800,-1.3855867684088592,-0.9880886026621304,1.1210218362525018e-40,0.031147015763847184,20231122T1030
-1.2712530528289496,-0.9842196338615801,9.175905646722798e-38,0.03298927527926693,20230421T1600,-1.3973715748618265,-0.9921521820903112,5.2487491305366425e-45,0.02541842919996896,20231114T1600,-1.4246419380946176,-0.9748600860274366,5.905621350003591e-33,0.0469994609143532,20230626T1400
-1.1681648970754026,-0.9861546066627755,4.0598293050534914e-39,0.028352913981421198,20231023T1100,-1.1916577759077873,-0.9911908671887223,8.314776964590479e-44,0.022982468070149024,20230803T1300,-1.3871084483648537,-0.9890106702984081,1.6378056948675097e-41,0.029929053261729274,20230621T1030
-0.979723284583463,-0.9641670676064434,2.5900533807233385e-29,0.038909970836059765,20240311T1330,-1.188721991562472,-0.9811436439379855,6.367343347452236e-36,0.033799786090383276,20240110T1700,-1.395919045684367,-0.9911016222118888,1.0579991696584412e-43,0.027059736312268306,20230621T1500
-1.1876238076980798,-0.9693401624229194,6.507274141844151e-31,0.04345376017831146,20240319T1700,-1.4903444322448909,-0.955130885810209,5.165630003980494e-27,0.06670598598677657,20230619T1800,-1.358683516574927,-0.9440590407987713,9.068789925372595e-25,0.06850435976848582,20230626T1130
-1.173604543473527,-0.9698560399921435,4.355507268229853e-31,0.042560947265543075,20231202T1430,-1.339884377342439,-0.9626278131271465,6.985369295664874e-29,0.05441035125865143,20230616T1800,-1.4127602461314686,-0.987359494063734,4.627433435787445e-40,0.032733540819545597,20230612T1200
-1.5850232309565633,-0.9754516566381926,3.356885911411203e-33,0.05164800611965374,20230414T0800,-1.1898354676764167,-0.9631751260973678,4.9327090039973533e-29,0.0479414526325652,20230614T1100,-1.3945402524885426,-0.988605173281648,3.890313301604816e-41,0.030648957154088264,20231122T1600
-1.3087589287919055,-0.9769888055499422,7.234290868264123e-34,0.04124023559341173,20230224T1215,-1.1126055763794516,-0.9846389404437282,4.830279736736192e-38,0.028477046672878068,20230310T1130,-1.4153432912159718,-0.9679499560906902,1.8571466278939938e-30,0.05300411738675396,20230626T0830
-1.4306843606256565,-0.9806846884272594,1.1282176568050343e-35,0.04118625912907791,20230208T0900,-1.251635533661426,-0.9909627946006702,1.5317096166825483e-43,0.024453924381083243,20230614T1830,-1.3277824371013678,-0.989086645967461,1.3877699718313962e-41,0.028548147745768714,20230616T1230
-0.9764848826958025,-0.9901826562397332,1.1077859902831619e-42,0.019896333788356625,20240320T1400,-1.5797351311045764,-0.9949305051382749,1.5086733421491147e-49,0.02304714531707043,20231022T1200,-1.2111363247194522,-0.9864842625675022,2.285205025738934e-39,0.02903652815398479,20231120T1630
-1.4323569284855944,-0.9946567421100424,5.314644528377015e-49,0.021458262620837595,20230623T1830,-1.4964229295475444,-0.9788833602168849,9.39785855303816e-35,0.04510506298113194,20230619T1130,-1.5485838658598323,-0.981254353974672,5.534993809212641e-36,0.043898819102046974,20230613T1630
-1.5060650194599365,-0.9744820601248986,8.413861509894915e-33,0.05007242854858425,20230210T0800,-1.2554734751771743,-0.9764652497265334,1.2340954795169449e-33,0.040024832151976546,20230614T1430,-1.452262792443636,-0.9767756064536918,9.005088445728279e-34,0.04598123847194688,20230404T1530
-1.5615462317798932,-0.9934224164910399,7.687504279544289e-47,0.02597963986645843,20231121T1630,-1.3581699211962837,-0.9920024275529836,8.248168455386365e-45,0.024942775487351125,20240110T1230,-1.3887848939494805,-0.9893755887023179,7.31187800303796e-42,0.02945533757644912,20230621T0930
-1.083923937534381,-0.950371946067408,5.501871143218897e-26,0.051216149474810235,20231202T1100,-1.1973766366278424,-0.988365258325431,6.397416000012209e-41,0.026596172779974274,20231114T1330,-1.3371979512168288,-0.9858034746164661,7.376589168930927e-39,0.032873345487728876,20231122T1330
-1.1276737532675158,-0.9532367483161724,1.3640115277810768e-26,0.051605010584348646,20240319T1230,-1.5406326049245935,-0.9901541587870225,1.1872180995858836e-42,0.03143731329348826,20230619T1400,-1.5450801010951145,-0.9818643833281068,2.5190288758083756e-36,0.043060791114223236,20230613T1300
-1.0170816755375638,-0.9720874097851351,7.05145867623918e-32,0.03543178589418904,20240311T1600,-1.4934051281390128,-0.9946591475646692,5.257659037239115e-49,0.022367753832498026,20231022T1730,-1.209901159511383,-0.9856908349927114,8.906056195237034e-39,0.029864243455265276,20231120T1300
-1.2430123791464378,-0.9893269137314755,8.155261243704165e-42,0.02642488465626498,20231023T1430,-1.1492696877903064,-0.9899651253820495,1.869988474482611e-42,0.023678824899737834,20230310T1400,-1.372481984030042,-0.9882900217452784,7.461500042484207e-41,0.03058577813834792,20231122T0930
-1.1952884875342074,-0.9645252741513389,2.0433168643112841e-29,0.04722009319104324,20230421T1330,-1.3246885514357811,-0.9843780519216113,7.215207078272423e-38,0.034198813970806936,20230322T1430,-0.9211666140709661,-0.9333251911281505,5.421866631395475e-23,0.05114673642348456,20230626T1700
-1.2382641821423228,-0.9865481631341092,2.040975391191944e-39,0.029615205129620507,20231117T1000,-1.3689131055573582,-0.9901931503472545,1.079838647826947e-42,0.027877107965860674,20240110T0830,-1.3861214818926402,-0.9901729580261069,1.1342287766995961e-42,0.02825702462206327,20230621T1330
-0.9849908578835521,-0.9883167601363747,7.065256805286679e-41,0.02192501271332302,20240320T1800,-1.2750549408759508,-0.9876154852116803,2.8400347110933558e-40,0.029236546607076346,20240111T1500,-1.334862700656377,-0.9896843317665287,3.615232543118632e-42,0.02789074131267232,20230612T1430
-1.357893676716774,-0.9921476303325852,5.3220330827227706e-45,0.024707566662230864,20230623T1430,-1.5806246857148407,-0.9868379958226297,1.2139656389662727e-39,0.03738561416544933,20240109T1400,-1.543005114448004,-0.9821922236357045,1.6318301968328035e-36,0.042601803617418,20230613T0900
-1.540176239313661,-0.9844144437475111,6.82519965821401e-38,0.039714506145589794,20240322T1100,-1.2592719427639005,-0.9803491955376433,1.6992468940401836e-35,0.03657456477776129,20230322T1100,-1.408936915873541,-0.9871117121158632,7.353322507135388e-40,0.03296957740302731,20230612T1100
-0.20099653676929288,-0.8280339501988697,1.1894826459439927e-13,0.019644152563415743,20230622T2130,-1.3391229769275566,-0.9849204788794417,3.1083132050433487e-38,0.03395189403141372,20230802T1430,-1.4092441731786671,-0.9907325383537927,2.7945199480548355e-43,0.02788663155246293,20230621T1600
-1.031036944402566,-0.9923859717076902,2.546562956555418e-45,0.01847000329329097,20231115T1030,-1.6173118556412465,-0.9890953726442065,1.361512327277798e-41,0.034759074105159604,20240109T1130,-1.3619236131415613,-0.944462477268713,7.6576074989697665e-25,0.06839753622453817,20230626T1230
-1.3361958765808546,-0.9788276980363075,1.0004555889279897e-34,0.04033028475381616,20230802T1530,-1.4449817634465647,-0.9908641845306806,1.9852610516859474e-43,0.028387169624731073,20231115T1130,-1.5517572754394104,-0.9865818315019271,1.9225595001079195e-39,0.03706550387752404,20230404T1100
-1.4593708582085367,-0.9887601707707763,2.805300237266873e-41,0.03185115242729238,20240322T1830,-1.4040278644019155,-0.9848746149172489,3.341617188292342e-38,0.03565282302739358,20231121T1200,-1.3626004290563074,-0.9444175536523296,7.803684740849626e-25,0.06846166346910082,20230626T0930
-0.9379114032554198,-0.9820869226971295,1.877664735035255e-36,0.02597393309094576,20240320T1130,-1.4061409601495116,-0.9830655415237232,4.92918381304994e-37,0.03783379949142366,20230322T1830,-1.3843665023023168,-0.9879451294107787,1.491827159990145e-40,0.03130985898632393,20231122T1700
-0.9940039555426462,-0.9831325448108652,4.4851486222127455e-37,0.026690460965789743,20230302T1430,-0.9995233171037112,-0.9408844971076552,3.290246066655491e-24,0.05193815740569331,20240111T1030,-1.3607787399779763,-0.9883313839744969,6.857152189252892e-41,0.030270414550958778,20231122T1230
-1.456100136632091,-0.9585700286344595,7.920628981862066e-28,0.062455925280314406,20230421T2000,-1.5366080860207763,-0.9825235815711495,1.0435242992282822e-36,0.04201795493034086,20230619T1230,-1.38611788846941,-0.9893919326197744,7.047923113944899e-42,0.029375786005365726,20230621T0830
-1.525277804403096,-0.9954240681454846,1.2981462417177948e-50,0.02113379896219681,20240315T1430,-1.5912347102106372,-0.9881326898336468,1.0260690191018697e-40,0.035702381609967866,20240109T0830,-1.4490156816034638,-0.9740941505528674,1.2032795885559012e-32,0.04855504723044941,20230404T1430
-1.3066248901036002,-0.9770500996299625,6.790354049600849e-34,0.04111617581529395,20230224T1045,-1.5836621695194222,-0.9947910990994774,2.8885441693509442e-49,0.02342242146012935,20231022T1100,-1.2101015816257568,-0.9853236464377149,1.62931849258593e-38,0.03025847561180454,20231120T1200
-1.050218343477737,-0.9784768297509662,1.4784772008332207e-34,0.0319688518906527,20230622T1200,-1.1162816889803637,-0.9848460396257135,3.4953582049389285e-38,0.02837339639627941,20230310T1230,-1.5445679568214135,-0.9820430215824568,1.9903032557351722e-36,0.042828124556813424,20230613T1200
-1.172723704761169,-0.9933596178188231,9.649932361423568e-47,0.01960459838267821,20230404T1300,-1.1993222575476659,-0.9640639382617503,2.7717945514331186e-29,0.047703746463368696,20230614T1200,-1.3337024021003465,-0.988723084242327,3.0348383185510043e-41,0.0291572100946,20230612T1530
-1.264745867589575,-0.9360972055897858,2.0195131680806788e-23,0.06859385413667275,20230210T1630,-1.341289312326393,-0.9880156349648198,1.2969340116799652e-40,0.030245128947460648,20240110T1400,-1.3831966088787948,-0.9892399070101597,9.900172226062283e-42,0.029526587906383267,20230621T1230
-1.3925297313626819,-0.9391316101972885,6.503610057059736e-24,0.0735287103177243,20230208T1730,-1.1983670494937448,-0.9885011376977969,4.832976306961718e-41,0.026459548273286865,20230803T1000,-0.8593546187291693,-0.9392408507264656,6.2369220372886715e-24,0.04533112960255789,20230626T1600
-1.1796435355217574,-0.9633250567867776,4.4801560957190065e-29,0.04742836422141723,20230414T1630,-1.3246637679518118,-0.9909740335381081,1.4868256606938273e-43,0.025864400700289683,20231114T1500,-1.3676348010874513,-0.9458166607883634,4.29988770378645e-25,0.06776827119725164,20230626T1330
-1.34835121650717,-0.9712900993698317,1.3739237306245077e-31,0.04766774042999523,20230224T1500,-1.2806283176825368,-0.9716167824176796,1.0477758823388956e-31,0.045003836777084714,20230322T0800,-1.4229343947826132,-0.9909256989753872,1.6892523352964451e-43,0.027858471477023566,20230621T1700
-1.2015694837930995,-0.9572491285245567,1.657405922691985e-27,0.052408150310562514,20240315T1100,-1.111886961085868,-0.9853795703218422,1.487589982439402e-38,0.027748423058564363,20230310T1700,-1.4395465395153841,-0.9892838431190151,8.978574260619232e-42,0.030665643605391583,20230612T1000
-0.9955796797973462,-0.983477911783729,2.740403741672216e-37,0.026450686450140468,20230302T1100,-1.2375226164987394,-0.9916654486618164,2.2126501115840105e-44,0.023206874398264767,20230803T1530,-1.5491004548190364,-0.98108763262065,6.832857376503485e-36,0.04411395063318586,20230613T1500
-1.3629056792759071,-0.981013415941348,7.500080855881855e-36,0.03888994799965681,20230224T1030,-1.343426409153544,-0.990876590501674,1.9218245818713893e-43,0.026373905674467537,20240110T1130,-1.2106573508801766,-0.9859789110949984,5.4839639428377695e-39,0.02957407612337777,20231120T1500
-1.3035602302402163,-0.9728684098291067,3.599767567267512e-32,0.04474485093532703,20230224T0915,-1.0841385487177218,-0.9707755127632716,2.092314293442809e-31,0.03868453527168751,20230614T1730,-1.3284735574990132,-0.9890964659294254,1.3582564914968104e-41,0.028549940732035678,20230616T1100
-1.2559094305450897,-0.9795959587986374,4.155964273645303e-35,0.037190934685056486,20230414T1300,-1.48534900241147,-0.9931700991635676,1.8920146855707822e-46,0.025186257255688398,20231121T1430,-1.3169034201313299,-0.9886466307068564,3.566098575756408e-41,0.02888905979866562,20231122T1530
-1.4988371364489015,-0.9739969820375729,1.3149736510749612e-32,0.050322398814438056,20230208T1200,-1.2825683607832967,-0.9884098964675526,5.836513033032909e-41,0.028432787167911526,20240111T1600,-1.2117110315220203,-0.9863009469732215,3.151083307231537e-39,0.02925073552912653,20231120T1030
-1.548923443924328,-0.9850338908301626,2.596479883034966e-38,0.03911979577287473,20240315T1830,-1.3282091452932843,-0.9823674704224657,1.289556650849831e-36,0.036485580989852176,20230322T1730,-1.5461829693703424,-0.9818535926158432,2.554940926572754e-36,0.043104701854043886,20230613T1030
-1.0365335902130217,-0.9567301907217967,2.201154361176298e-27,0.0455020796589267,20230210T1300,-1.1497770337278705,-0.9856533774193565,9.478809507823968e-39,0.028418120574653035,20230310T0830,-1.3969694764553702,-0.9881410624243929,1.008929200686446e-40,0.03133241285781361,20231122T1000
-1.1229479641569151,-0.9917110154307872,1.9408438035405735e-44,0.020999923104481205,20230404T1630,-1.295993387146232,-0.9898802099216518,2.2869631263580725e-42,0.026816293074986116,20240111T1330,-1.3688242186887472,-0.9863040479408743,3.134116798114168e-39,0.033039633699124625,20230616T1430
-1.035493510505206,-0.9886680620962224,3.408809716815478e-41,0.022693918998150528,20230622T1730,-1.5780106942399308,-0.9904215477739946,6.1494824284012626e-43,0.0317533422270551,20231121T1100,-1.3672581533024128,-0.948930707232331,1.0760139611176349e-25,0.0656105266165533,20230626T1430
-1.0013446440280172,-0.9792004540338358,6.559355562098463e-35,0.029947679228909712,20240311T1230,-1.1113011399741561,-0.9702399178964545,3.2160058699267935e-31,0.040032122967959244,20230619T0830,-1.3855405809450678,-0.9898723157369494,2.3299614123165395e-42,0.028680527519350373,20230621T1000
-1.1418902496828665,-0.9692803377526533,6.814377922327992e-31,0.04182311090382142,20231202T1530,-1.1632343830720488,-0.9837506455853552,1.8434883003510429e-37,0.030642428240829554,20230616T0830,-1.347091955505049,-0.9863708264173837,2.7892824043356635e-39,0.0324340611106702,20230612T1700
-1.173013882922368,-0.9679112490342024,1.9109011802824884e-30,0.04395680889849749,20240319T1600,-1.4422091291220198,-0.9887246121254263,3.025036575906232e-41,0.031527195953454525,20231115T1230,-1.34250196580067,-0.9885475059689756,4.3885695823911096e-41,0.029581131988510385,20230612T1230
-1.1609613798179421,-0.9886032546269053,3.905981777427727e-41,0.025517587573792702,20231117T1430,-1.5835600506238758,-0.9874459318983195,3.928598133400427e-40,0.03656288822614312,20240109T1230,-1.40307253392209,-0.9908382271848999,2.1245425119195488e-43,0.027603521831822315,20230621T1530
-1.2695554785316188,-0.9706156260662094,2.380777460430726e-31,0.04543002424372351,20240322T1530,-1.3335490463801571,-0.9796258505245563,4.013613967155577e-35,0.03946021433084243,20230322T1200,-1.3613508655914777,-0.9445273681540551,7.451210465489613e-25,0.06832526461185173,20230626T1100
-1.4146731856921944,-0.9679374760630076,1.8743182102235983e-30,0.05298985115552297,20230421T1700,-1.2582481716424243,-0.9782300037742659,1.93851840615599e-34,0.03852762864926556,20230614T0800,-1.2104988722120682,-0.9858321003155238,7.03000428537177e-39,0.029727939946108943,20231120T1400
-1.278261965107956,-0.9621882596295792,9.202807159781755e-29,0.052230341390976154,20230210T0900,-1.136997139521868,-0.9867548080487769,1.4108299230270628e-39,0.02697930555678405,20230310T1330,-1.5541523168543632,-0.9809915518442763,7.708253989771024e-36,0.04437336224784294,20230613T1400
-1.4022638971677799,-0.9614076555494913,1.4896978635583836e-28,0.057921002798574484,20230414T0900,-1.3754498827827757,-0.9889775838115641,1.759694899170985e-41,0.029722891139660063,20230619T1330,-1.5464932843112171,-0.9855941663428301,1.0456764696190253e-38,0.03830396548622021,20230404T1230
-1.1917275388217135,-0.9870624142932488,8.054491099919634e-40,0.027941139643609586,20231115T1400,-1.5472521690424583,-0.9956471734380223,3.921020337368291e-51,0.020905597209489594,20231022T1000,-1.3039027882282854,-0.9896477422326163,3.934277847065842e-42,0.02729289424818138,20231122T1430
-1.4000187041779617,-0.9915203563815786,3.342745734978143e-44,0.02648455982412769,20230623T1930,-1.5906065807043344,-0.9876602214939941,2.605074899709168e-40,0.03640485862832683,20240109T0930,-1.545489953542806,-0.981704507064917,3.10415204164777e-36,0.0432669507102899,20230613T1130
-0.974045786400912,-0.9897629468209235,3.0114607316085136e-42,0.020272892208559202,20240320T1500,-1.1976327963153695,-0.9914980394621549,3.5595209436168183e-44,0.022686144075837158,20231114T1400,-1.2093414892285428,-0.9851752908971046,2.0707236301932485e-38,0.0303953636533328,20231120T1130
-1.482937370767419,-0.9875564767755298,3.1811481064008704e-40,0.03408565703167125,20230208T0800,-1.1970513990324394,-0.9906380393145031,3.561201451091443e-43,0.023809854168152827,20230803T1100,-1.3713698166914132,-0.9863071828995358,3.117053272698858e-39,0.03309720973808271,20230616T1530
-1.1515303463567665,-0.9767876508656222,8.89486671529002e-34,0.036449717366543254,20230421T1230,-1.3053987279624406,-0.9809156700399665,8.47451895088488e-36,0.03734756967758439,20230322T0900,-1.3739880353451692,-0.988312998948337,7.119750602515997e-41,0.030588750853638706,20231122T1100
-1.5841475576957404,-0.98815428746786,9.824132193243238e-41,0.035510426684104285,20240322T1000,-1.3874167940006243,-0.991878923399916,1.189853044265926e-44,0.02567828046530158,20240110T1500,-1.3426673743776767,-0.9875594330459755,3.1631631363450145e-40,0.030857783250763007,20230612T1600
-1.4027670037683142,-0.9934275027751702,7.546521456585654e-47,0.023328895219729997,20230623T1530,-1.5376357513762817,-0.9941585872354228,4.4891259834085835e-48,0.024094392207241886,20231022T1530,-1.3859991294785348,-0.9888289653750463,2.4228099718148697e-41,0.03015550296200722,20230621T1100
-0.9875961082380805,-0.9891082014631679,1.3237741476898692e-41,0.02121260241468945,20240320T1900,-1.1103272799205355,-0.9884410286064218,5.473542486783733e-41,0.024580775471750037,20230310T1600,-0.8531282329013546,-0.9390067430793897,6.821795999984252e-24,0.045097820815461494,20230626T1530
-1.2385565225298363,-0.983483920251632,2.7167671126284038e-37,0.03289999076301882,20231117T1100,-1.3614601369482844,-0.9910663723635772,1.162850202604175e-43,0.026444682844478436,20240110T1030,-1.3621797036699053,-0.9463306454610584,3.4406382741954234e-25,0.0671494374354023,20230626T1000
-1.1686096283636416,-0.9544727881792243,7.27220345598817e-27,0.052715172425131504,20240319T1330,-1.0241379577315344,-0.9865205222863364,2.1433829193136328e-39,0.024519679004466003,20231114T1130,-1.3890076363090893,-0.9902525416782063,9.339632586170024e-43,0.028199268061540248,20230621T1430
-1.1485777984210648,-0.970112825416672,3.5572681121673335e-31,0.041467278328534495,20231202T1000,-1.1752823100896947,-0.9894444209909609,6.260558045685192e-42,0.024844891953619126,20230803T1430,-1.3347909364473545,-0.990481132036548,5.297667334050828e-43,0.026774298897819553,20230612T1330
-1.266920469520049,-0.9897191840624077,3.3344895866936726e-42,0.026425695812187643,20231023T1530,-1.3912010739403253,-0.9695353376774144,5.594802572127553e-31,0.05073243594454517,20231121T1530,-1.3582863854421534,-0.9460752378088767,3.8447490417269946e-25,0.06713036151071966,20230626T0900
-0.9913991255774256,-0.9797162887329458,3.6108021884760896e-35,0.029268655456973023,20240311T1700,-1.475777026829795,-0.995927302862919,7.96898272527174e-52,0.019283501921886107,20231115T1600,-1.5423139419771255,-0.9851238627563464,2.2488980290304596e-38,0.03883293535493198,20230404T1130
-0.989623656547668,-0.9866947552185816,1.5715769381766387e-39,0.02353659514263773,20240320T1030,-1.2898246192373692,-0.9829421555801541,5.859314206206351e-37,0.034833665706812046,20230322T1630,-1.2119554152403416,-0.9868426675522054,1.2037289462551746e-39,0.028660500440676796,20231120T1700
-1.4709674485689288,-0.9822553679999293,1.4995312724103207e-36,0.04053884140732668,20240322T1930,-0.9911591109998913,-0.9830189038925234,5.262782117683108e-37,0.026705897409220913,20231115T1330,-1.3582635854455387,-0.9883779600862834,6.232763406865676e-41,0.030153035430983775,20231122T1200
-1.0186478650193953,-0.9880977607576112,1.1006300142962144e-40,0.022889523473359253,20230622T2030,-1.5878165672716187,-0.9872377397438854,5.816588223940808e-40,0.03696976354340425,20240109T1330,-1.20960536707652,-0.9855727778440206,1.083322747762193e-38,0.029982555869712157,20231120T1230
-0.9981684326366479,-0.9849517436971513,2.9583042683319656e-38,0.025280538772859643,20230404T0900,-1.1533116007784825,-0.9849645795113655,2.89874748690459e-38,0.02919709202077999,20230310T0930,-1.3801354252523645,-0.9895567129717233,4.8492855875005324e-42,0.02901731099986738,20230621T1200
-1.300575512874854,-0.9649201971870578,1.5688265344308437e-29,0.05107690665134637,20230414T1530,-1.493966641315975,-0.9876673542669713,2.569378069052605e-40,0.03418295182649541,20231121T1000,-0.8594268234716094,-0.9392676963670148,6.173002217055555e-24,0.045323940246606936,20230626T1630
-1.30621015217558,-0.9786322846391184,1.2445484853757888e-34,0.03961270390991801,20230224T1600,-1.3486373648095493,-0.9829715770381706,5.623357459143581e-37,0.03638974967279288,20230322T1300,-1.3327453146668238,-0.9909123394140443,1.7497024099925632e-43,0.026112197836529846,20230612T1500
-1.2095072749659712,-0.9467133840215778,2.9102014969556247e-25,0.05939220196760242,20230208T1430,-1.2011835031723659,-0.9648784518097403,1.6134951655787082e-29,0.04720313068384071,20230614T1130,-1.5410278370968862,-0.9819050930254828,2.387847758060507e-36,0.042898287624053184,20230613T0830
-1.2756733745595945,-0.9857020621110603,8.740944512074684e-39,0.03147508806060086,20240111T0930,-1.4238365805340916,-0.9909001017466527,1.806890290935177e-43,0.02791596578536966,20230310T1830,-1.4028305185626961,-0.9863357779686944,2.9654641312700725e-39,0.03382038815003566,20230612T1030
-1.214641783658968,-0.9915017146237726,3.52291906758933e-44,0.023003299092633676,20230404T1000,-0.9789357122123663,-0.9650010326018452,1.4856721800110417e-29,0.03839854624640006,20231114T1630,-1.3654346665162287,-0.9461898988281754,3.658014921441327e-25,0.06740568245441764,20230626T1300
-1.1388113342039174,-0.9462455358918019,3.570561391731866e-25,0.05618668396475026,20230210T1530,-1.1981033244875188,-0.9894500832668341,6.180841896002942e-42,0.02532041413081332,20230803T1330,-1.5397776761007287,-0.9872265387726721,5.939614119913976e-40,0.03586729004822251,20230404T1030
-1.4168073154587995,-0.972550301223903,4.744885979486445e-32,0.04892839097745427,20240315T1730,-1.5919358840433586,-0.9948025944552091,2.7397220837690396e-49,0.023518591527134754,20231022T1230,-1.3297276880132216,-0.9891651194769165,1.1680913888280477e-41,0.02848529887167356,20230616T1200
-1.0029298130077957,-0.9824054481243432,1.2250396551511318e-36,0.0275197514181153,20230302T1730,-1.2533899750283604,-0.9909280435335107,1.6788520493065458e-43,0.024535885686014114,20230614T1800,-1.3887080272256267,-0.9882387597546946,8.281477149767517e-41,0.03101624885001376,20231122T1630
-1.001206507917693,-0.9887644856186544,2.779700943202601e-41,0.021847328763970237,20230622T1830,-1.5326396785677763,-0.9830034052774883,5.378352558506894e-37,0.04131493875657521,20230619T1100,-1.5523346280159678,-0.9805918509989526,1.264507296189062e-35,0.04479876067307368,20230613T1600
-1.089451191176003,-0.9793914527866566,5.267812904819479e-35,0.0324280163912013,20230622T1430,-1.1682900988254727,-0.9854324393803323,1.3645177879242838e-38,0.02910209113633246,20230310T1100,-1.2107930799985014,-0.9862449508603716,3.473026332502342e-39,0.029289502493798806,20231120T1600
-1.0778203222078542,-0.9459379465905707,4.080337234476521e-25,0.053342561146704395,20230210T1000,-1.0306222783625971,-0.9835809266295845,2.3611372221067346e-37,0.027294056901337616,20231114T1300,-1.3825556651095376,-0.988090967104162,1.1157226802198573e-40,0.03107573804036578,20231122T1300
-1.57556439136895,-0.9818523828202493,2.5589976183891154e-36,0.043925306045477966,20230208T1100,-1.1605765983841583,-0.9881711928148195,9.494891882082595e-41,0.025996708603302207,20230803T1600,-1.383994962874882,-0.990203664667235,1.0525155523655462e-42,0.028168903609752875,20230621T0900
-1.0989859571917073,-0.9887209107941832,3.048833952325722e-41,0.0240282278168843,20230616T1700,-1.2497050629625868,-0.9765497171424475,1.1331358731343252e-33,0.03976678362327674,20230614T1400,-1.4523454487176661,-0.9750471368893684,4.9468788506229496e-33,0.04772793258583834,20230404T1500
-1.3133318659916915,-0.9735854924782675,1.9079640542796052e-32,0.04445585839657843,20230224T1330,-1.1139911025241338,-0.9866733103335027,1.6331202644789846e-39,0.02651624931705888,20230310T1430,-1.2104860654576992,-0.9857483414273912,8.09076913166675e-39,0.02981727354961132,20231120T1330
-1.2747831071435405,-0.9301311790796527,1.6071456046765516e-22,0.07264514563025652,20230414T1000,-1.5572501567577035,-0.9886036379124646,3.9028468957568536e-41,0.03422731208211674,20230619T1430,-1.549858226979276,-0.9808689507405426,8.982019907848482e-36,0.044397409881170885,20230613T1330
-1.0018033462057596,-0.9839161084264253,1.4446422424081916e-37,0.026251916167372377,20230302T1200,-1.5193809291044147,-0.9944744715048927,1.1863766579720135e-48,0.02315013700341089,20231022T1700,-1.333459824386917,-0.9874573163830704,3.844467595485428e-40,0.03077408320582571,20230612T1400
-1.4825463042379592,-0.9901500677053655,1.199059768546027e-42,0.03025841408247148,20240315T1200,-1.303143611091606,-0.9844664916551852,6.302323245840105e-38,0.03354496819438845,20230322T1400,-1.3838087664096606,-0.9895538856621195,4.8807391062332814e-42,0.029098543478500428,20230621T1300
-1.3224846290121157,-0.9894558568766971,6.100559982477027e-42,0.027941285989853796,20231115T1700,-1.2962440252019778,-0.9894979745779748,5.5444079688613745e-42,0.02733125175831342,20240111T1530,-1.5465412203878002,-0.9819148349940029,2.357439935983958e-36,0.04303985422110524,20230613T0930
-1.3385684490432048,-0.9756642591601853,2.7308935382652136e-33,0.0434208606047694,20230224T1015,-1.2442015953957164,-0.984523617596666,5.772634750495209e-38,0.03196736636157018,20230322T1130,-1.4172455714723564,-0.9915277021662077,3.274201824596934e-44,0.026798681097635727,20230621T1630
-1.466219104011596,-0.9805769355116867,1.287823668470437e-35,0.0423302970352922,20230224T0930,-1.5408995414670796,-0.9918579581691104,1.2655105324230558e-44,0.02855617746222637,20231121T1230,-1.3634782795781788,-0.945551589369702,4.81970045416557e-25,0.0677417412206087,20230626T1200
-0.987741379515815,-0.9829676247210686,5.654517029345426e-37,0.026655009149079426,20230302T0800,-0.9982795988402497,-0.9420233887227755,2.0896585172806985e-24,0.05132435888823627,20240111T1000,-1.4252773850343095,-0.9879406798724436,1.5050245161899458e-40,0.03224118752132724,20230612T1130
-1.2097134468859265,-0.984390964135973,7.074446753221563e-38,0.031217342592590614,20230421T1400,-1.358149784473874,-0.9822396946282158,1.531376992385021e-36,0.03744664108120336,20230322T1800,,,,,
-1.339708702545314,-0.9928030162136458,6.619508985177552e-46,0.023325669614095972,20230623T1300,-1.5978852953530873,-0.9881220074759041,1.0483424619187291e-40,0.035868023829193164,20240109T1100,,,,,
-1.2883890835024905,-0.9740076596689231,1.3022307942492698e-32,0.04324751466891695,20240322T1630,-1.3385083200619297,-0.9911875677021119,8.389536721790779e-44,0.025819545493811238,20231115T1100,,,,,
-1.1607819604357683,-0.968618101908272,1.128525271719273e-30,0.042993004029304165,20231202T1630,-1.136324228084073,-0.9894805193398586,5.768736490799559e-42,0.023979570203440204,20230803T1230,,,,,
-1.1858943250215244,-0.9665649910957773,5.047208494992659e-30,0.045409757693001554,20240319T1500,-0.9983270120458624,-0.966642943884475,4.77640780872874e-30,0.03818059879169143,20231114T1730,,,,,
-1.0142655794640976,-0.9769536690449728,7.5011673045204015e-34,0.031985728256827474,20240311T1130,-1.3379261311407777,-0.9898741193568819,2.3200696741709116e-42,0.02769240990862683,20240110T1630,,,,,
-1.2143256513323073,-0.9888425742047546,2.353312285741166e-41,0.026403992551278992,20231023T1300,-1.1975199319310057,-0.9644712566052311,2.1180274732706863e-29,0.04734625205709154,20230614T1030,,,,,
-1.2044734275350544,-0.9555290275381094,4.189591011033195e-27,0.05365413114283318,20240319T1900,-1.1006090648456393,-0.9858125797332252,7.264612155608862e-39,0.02704823659592723,20230310T1000,,,,,
-1.3001670700796342,-0.9768130301204819,8.666827221648424e-34,0.04113124883294899,20230224T0945,-1.5584781022402865,-0.9944979695471436,1.0713109684078277e-48,0.023694878123372884,20231022T1330,,,,,
-1.4656643603920143,-0.9824743456421708,1.1158041277079658e-36,0.04013595481227432,20230421T1800,-1.238998742591423,-0.9767307695180085,9.427010892964624e-34,0.03926812361966261,20230614T1500,,,,,
-0.9758050620917538,-0.9900389015177815,1.5677654982593012e-42,0.020029706632987587,20240320T1330,-1.3634342492524534,-0.9914821236749379,3.7222781764075766e-44,0.025851310464486348,20240110T1300,,,,,
-1.2720669470137882,-0.9900512015913642,1.522165515703854e-42,0.02609450932921587,20231023T1630,-1.1625757775649226,-0.989686982387233,3.593109447423709e-42,0.02428779298343489,20230803T1700,,,,,
-1.0522659106346777,-0.982365406945586,1.2931537292740448e-36,0.028907224677358772,20240311T1400,-1.0158113938249136,-0.9843985818203276,6.992641382155054e-38,0.02620704018469192,20231114T1200,,,,,
-1.1898437849718209,-0.9662720760008472,6.202127474441058e-30,0.04577058989567404,20240319T1030,-1.4493378146319202,-0.9847850537337112,3.84644769316927e-38,0.03691471400682374,20230619T1530,,,,,
-1.1001067276168432,-0.9580244120061789,1.0776157619291409e-27,0.04751656869132518,20231202T1300,-1.5282331528028483,-0.9937247312990245,2.4935732064114876e-47,0.024828567368666166,20231022T1600,,,,,
-1.5239473345674726,-0.9795105034494455,4.590082181437855e-35,0.04522564730956769,20240322T1300,-1.0983167125486655,-0.9853982188747118,1.443012253209042e-38,0.027391885748612732,20230310T1530,,,,,
-1.369230052911029,-0.9917534469396955,1.716729405693142e-44,0.02553913025319358,20230623T1630,-1.2926336739680073,-0.9852919273436229,1.7153600344016224e-38,0.032357875058284864,20230322T1500,,,,,
-1.2226088977425882,-0.9931780957570109,1.8397222711597417e-46,0.020718850805242377,20231117T1200,-1.375682905649498,-0.9910937180666272,1.0806912663745297e-43,0.026679462091206235,20240110T0900,,,,,
-1.2823540553714912,-0.985911869443594,6.14454934460841e-39,0.03140189848724582,20230224T1245,-1.2962618930122465,-0.9896413865303733,3.992377684857234e-42,0.02714141609905504,20240111T1430,,,,,
-1.3316235253804976,-0.9842766957717078,8.417174824593131e-38,0.034491863799057665,20230414T1430,-1.4194207127808638,-0.9943176846159562,2.31795599039366e-48,0.021934371431385144,20231121T1600,,,,,
-1.1785404469908884,-0.9536407579014151,1.1126452858414828e-26,0.05368211106439423,20230208T1530,-1.4729858790952512,-0.9954433196712174,1.1734712366036197e-50,0.020365984431262762,20231115T1530,,,,,
-1.3299240305981583,-0.9918084060358787,1.463084440468823e-44,0.024722160353233023,20231115T1015,-1.239011882138976,-0.981740650108519,2.961463948108613e-36,0.03465166786821482,20230322T1030,,,,,
-0.9943310720503632,-0.9878715554736737,1.7249839260373268e-40,0.022558313320451603,20230622T1930,-1.5254667407769555,-0.9952493361278925,3.1847706417476907e-50,0.021539021377072066,20231022T0930,,,,,
-1.2479341963469297,-0.9948972888643667,1.7640329609009498e-49,0.018266425980587406,20230614T1300,-1.5948668285751766,-0.987317909303166,5.004643767915538e-40,0.03701484134734885,20240109T1000,,,,,
-1.4322624417649208,-0.9861016922103364,4.446430198629718e-39,0.034830682475749546,20240315T1630,-1.3467391109935678,-0.9564104360206492,2.617140471866819e-27,0.05935260644304023,20230322T1900,,,,,
-1.01185239913226,-0.9824850465436914,1.0996983600814032e-36,0.02770001803539883,20230302T1630,-0.9989779779159361,-0.9417693594571641,2.3141606291834455e-24,0.051483177676450116,20240111T1100,,,,,
-0.9463514235228135,-0.9785924566437447,1.300854640665896e-34,0.028727084241347865,20230616T1600,-1.578865176207352,-0.9869941168597309,9.132448915813869e-40,0.037117445338536774,20240109T0900,,,,,
-1.511421607358821,-0.9839339611503192,1.4069244407593078e-37,0.039583762245609194,20230208T1000,-1.5577257234329578,-0.9955976119908487,5.142423935051678e-51,0.021167383244799606,20231022T1030,,,,,
-1.2526651455204643,-0.931584418235542,9.866690564854123e-23,0.07055479233466197,20230414T1100,-1.0771882824893177,-0.9854425552381172,1.342108531698664e-38,0.026823220981011357,20230310T1300,,,,,
-1.1654668612873849,-0.9867008209550726,1.5545763193656216e-39,0.027712293707143502,20230619T1600,-1.416391627020081,-0.9864270170687632,2.527564983312893e-39,0.034030766541278804,20230614T1330,,,,,
-1.2815148907182456,-0.9751279580967065,4.580455398083509e-33,0.042043103650288655,20230224T1230,-1.3415395720889103,-0.9909878265501968,1.433462332721283e-43,0.026173609744605354,20240110T1530,,,,,
-1.0854490070426197,-0.9841706174748428,9.879563559596223e-38,0.028212391778960507,20230622T1530,-1.2721730182733852,-0.9913156956920248,5.911484489423953e-44,0.02435853439971085,20231114T1430,,,,,
-1.0399814423867617,-0.942946237826853,1.436732461286144e-24,0.053001794571964536,20230210T1100,-1.134661562851998,-0.9906814384948429,3.1869484562503424e-43,0.02251578121320852,20230803T1130,,,,,
-1.0029097853689941,-0.9853968322408131,1.4462823544786273e-38,0.025013662611833506,20230302T1300,-1.2994702365066824,-0.9831881133743077,4.146203957535626e-37,0.034833673783243924,20230322T0930,,,,,
-1.3842437355052504,-0.9928473104343835,5.710725864125902e-46,0.0240259840891952,20230623T2030,-1.175795991320819,-0.9922509048483008,3.8777578985147086e-45,0.021251391207273557,20230310T1630,,,,,
-1.470191592538601,-0.9851909249591055,2.019294687596984e-38,0.03693159131142557,20240315T1300,-1.540523662547647,-0.9954356144899354,1.2219278744887343e-50,0.021317908737005762,20231022T1500,,,,,
-1.4026899994359967,-0.9915762522278425,2.8538983453884255e-44,0.02644637255903233,20230614T1630,-0.9924899624022762,-0.9838352617203077,1.6279113206742548e-37,0.026074756522603697,20231114T1100,,,,,
-1.1762230890115593,-0.988666254826791,3.421812704166542e-41,0.02578024525354858,20240111T1700,-1.2331195298637168,-0.992734688377494,8.29824796996553e-46,0.021572636406812517,20230803T1400,,,,,
-0.9894629655741555,-0.989161220563639,1.1781703328572523e-41,0.02120005680228503,20240320T1700,-1.3686560437767732,-0.9914817199745276,3.7264977821193314e-44,0.025950940855357554,20240110T1000,,,,,
-1.3305616714089863,-0.9774807784845526,4.330329604587721e-34,0.04146092490049087,20230224T0830,-1.130801518635918,-0.9682056237762329,1.5367765221961423e-30,0.04217048075823987,20230802T1330,,,,,
-1.4242938217475194,-0.9815953290685655,3.576264528582849e-36,0.03999613282349225,20230224T1115,-1.4757312332957153,-0.9961911309299845,1.6017858019259492e-52,0.018644170347574256,20231115T1630,,,,,
-1.150282697641297,-0.9500786720367336,6.316614547493408e-26,0.05452473087958438,20240319T1400,-1.464016918811228,-0.9934354411979435,7.331420748591686e-47,0.02433266553059206,20231121T1500,,,,,
-0.4808540835047178,-0.8882721102574682,7.756151533234171e-18,0.03588886722684761,20231202T1730,-1.3015609738046239,-0.9846402782065022,4.820265723873242e-38,0.033311859608316376,20230322T1600,,,,,
-1.174601836809602,-0.9871226939705221,7.205290717989744e-40,0.027474118717960357,20231023T1200,-1.0046563261099388,-0.94375054452414,1.0312234513545086e-24,0.05080648090324388,20240111T1200,,,,,
-0.9791298590654636,-0.9693538205851824,6.4390424784325825e-31,0.035816850536085465,20240311T1030,-1.1766806251603572,-0.9874643020021014,3.793701642838779e-40,0.02714816676874848,20230310T0900,,,,,
-1.2583533672007667,-0.9851630215081065,2.111960503799899e-38,0.031640600464539814,20230421T1500,-1.560039691308369,-0.9900961213730939,1.3661881993296668e-42,0.031928414395698344,20231121T1030,,,,,
-0.9884543027290964,-0.9830853969134605,4.793391585229312e-37,0.026579471812740046,20230302T0900,-1.4439827762501924,-0.9872072430847368,6.157415348560636e-40,0.033661751978678406,20231115T1300,,,,,
-1.233752794439306,-0.9893385907043598,7.9448273057783e-42,0.026213453613497115,20240322T1730,-1.5849790892850346,-0.9874955823450117,3.5741504241778135e-40,0.03652183400785291,20240109T1300,,,,,
-1.3692967661991238,-0.9933405012292753,1.0337024639108664e-46,0.02292399671901688,20230623T1200,-1.3234033130879814,-0.9841244378007586,1.0589563568924633e-37,0.0344485219304156,20230322T1330,,,,,
-1.3400603331764365,-0.9925764920273968,1.3891326279542433e-45,0.023700190606240575,20231117T1630,-1.157622723201857,-0.983604072411864,2.2831235043877566e-37,0.03063526191052731,20230310T1200,,,,,
-1.5272903163062663,-0.9837351893719205,1.885711789824505e-37,0.04025215411239076,20230421T1900,-1.528872323440313,-0.9804963539515954,1.4210843141146805e-35,0.044233320702504256,20230619T1200,,,,,
-1.4094781156516536,-0.9714691022460902,1.184792630736358e-31,0.049666257097646604,20230619T0930,-1.591854607239267,-0.995053998961877,8.358668098958032e-50,0.02293720836078766,20231022T1130,,,,,
-1.310991504806679,-0.9701885401585644,3.3500084290832227e-31,0.047268153200175966,20230802T1630,-1.5767268210638516,-0.9872075807613996,6.153538872813925e-40,0.036755752163495886,20240109T0800,,,,,
-0.9357374963237534,-0.9923746494147941,2.6386868133818635e-45,0.01677541079240114,20240320T1230,-1.1882223838641566,-0.9898049433370123,2.7298070246430253e-42,0.02467900050849035,20230803T1030,,,,,
-1.5312935912877041,-0.988613716186077,3.8212765138551373e-41,0.03364166116193544,20230616T0930,-1.3812249988649181,-0.9918552979874616,1.2754335805527964e-44,0.02560129808372638,20231114T1530,,,,,
-1.0546147833785307,-0.943072291146911,1.3644029829167433e-24,0.053682728745454225,20240111T1230,-1.299135859940491,-0.9790190634769361,8.062827086505649e-35,0.03902835326328248,20230322T0830,,,,,
-1.1993443950069709,-0.9667347429887789,4.4753236938598875e-30,0.04580198507571488,20240319T1800,-1.2001062842210162,-0.9643973904269558,2.2244319858636575e-29,0.04750055180604058,20230614T1230,,,,,
-1.2963316103755023,-0.9738679849737675,1.4786672268881466e-32,0.04363559524302324,20230224T0845,-1.452253405554697,-0.993616072494858,3.7604038971507327e-47,0.023799504398190258,20231022T1800,,,,,
-1.1404389657403238,-0.9790969907006075,7.380389592396914e-35,0.034195082765896306,20231117T1300,-1.3542980715887496,-0.9921884067637713,4.699016856980836e-45,0.024577319075314748,20240110T1430,,,,,
-1.4087383066884938,-0.9937539875395481,2.2297453905740307e-47,0.022833265618415886,20230623T1730,-1.5471426072680843,-0.9945421326821585,8.833390853710754e-49,0.02342715957308028,20231022T1400,,,,,
-1.4833756640407505,-0.9807007832058866,1.1060683245894212e-35,0.04268480364662787,20240322T1200,-1.3849959230619964,-0.9705068071173149,2.5984731330064408e-31,0.04965684877027035,20230616T1730,,,,,
-0.9048262518346084,-0.9864794524552968,2.3046807029869798e-39,0.02169680113430471,20230614T0900,-1.3267576372208012,-0.9635244395500732,3.939545526382286e-29,0.0531896809216572,20230619T1730,,,,,
-1.0758611474158148,-0.9757752707400238,2.4501220587394935e-33,0.03481641389856118,20240311T1500,-1.171029596297985,-0.9871026529165546,7.477625935393676e-40,0.02741228755611749,20230310T1730,,,,,
-1.2530879214411466,-0.9891594068563481,1.182887223771963e-41,0.02685072126829806,20231023T1730,-1.3533161807010556,-0.9894937220322899,5.598277336173353e-42,0.02854048457889697,20240110T1100,,,,,
-1.1179809441854418,-0.9617473148300721,1.209524089477424e-28,0.04596267500496178,20231202T1200,-1.1777874984566423,-0.9889782618524482,1.7571120250775488e-41,0.025450694539957172,20230803T1500,,,,,
-1.1932929391616756,-0.9702209410418713,3.2648921886937598e-31,0.043000029967585805,20240319T1130,-1.5632817263836951,-0.9945491619865022,8.565022163304673e-49,0.023656167550017978,20231121T1400,,,,,
-1.6135678149691672,-0.9784147330463425,1.583223756479864e-34,0.049190473274987254,20230421T2030,-1.3063385027949863,-0.9837971418815438,1.7218584016674629e-37,0.034361648964667105,20230322T1700,,,,,
-0.9853848081657627,-0.9812406175281907,5.632299324476517e-36,0.027943937871718148,20230302T1400,-1.37851082658291,-0.9837962493987235,1.7241189619291569e-37,0.03626107771449127,20230619T0800,,,,,
-1.424457938842774,-0.9858142896438598,7.243765630047486e-39,0.03500489361113346,20240315T1400,-1.4411195302935107,-0.9892487268473862,9.708187634543153e-42,0.030750230638843606,20231115T1200,,,,,
-1.4610315133753833,-0.9592496732135471,5.366319522814002e-28,0.0621180400270794,20230208T1700,-1.6058613369758952,-0.9881496449497181,9.916444307551404e-41,0.03600434550977947,20240109T1200,,,,,
-1.378326097277206,-0.9819108718231019,2.369765256347076e-36,0.038362788717512475,20230224T1530,-1.3414864379271496,-0.9887441681038631,2.9022276250280146e-41,0.029299485322004562,20230616T0800,,,,,
-1.2570519889407525,-0.9656399701864623,9.616025584666729e-30,0.04883105869470871,20230414T1600,-1.123224865464069,-0.9878585261755022,1.7697563182966832e-40,0.025496453675976576,20230310T0800,,,,,
-1.0605839733565754,-0.9756263543536562,2.833629509313549e-33,0.034431311866891745,20230622T1230,-1.3699248021726143,-0.981036335008026,7.287646929468642e-36,0.039065948654664055,20240111T1300,,,,,
-1.1516364073339984,-0.9300547228165316,1.6484506945436726e-22,0.06566746843981773,20230210T1600,-1.5745542562237271,-0.9908865371941105,1.8723705776946425e-43,0.03089427807922485,20231121T1130,,,,,
-1.0782302347694448,-0.9798898252309513,2.943647402072371e-35,0.031691447302965005,20230404T1330,-1.0391685084949278,-0.9908743002152571,1.933387618224885e-43,0.020403365190879263,20230614T0830,,,,,
-1.3496447563964191,-0.9862304689355534,3.561281388302457e-39,0.03266591535222152,20240315T1130,-1.2667947652155913,-0.9868882899572047,1.1080121014632142e-39,0.02990432740540447,20230322T1230,,,,,
-0.9800548093006444,-0.9824521983500011,1.1498582221422835e-36,0.026855363628628812,20230302T1130,,,,,,,,,,
-1.3065138430792118,-0.9848312592545717,3.577515104709176e-38,0.03322524039307989,20230404T1600,,,,,,,,,,
-1.0393864996206468,-0.9574274110360828,1.50225283407724e-27,0.045233319430405546,20230210T1330,,,,,,,,,,
-1.0594326051342482,-0.986872524244891,1.1402334353015002e-39,0.025024607392555628,20230622T1700,,,,,,,,,,
-1.384413020052337,-0.9820472001098242,1.979309738035442e-36,0.038382723360399815,20230414T1330,,,,,,,,,,
-1.322883061038249,-0.9798649564288866,3.031425665203931e-35,0.03890708395292458,20230224T1000,,,,,,,,,,
-0.9962311967724189,-0.9818788052222254,2.4717861697072727e-36,0.027753233789363233,20230302T1800,,,,,,,,,,
-1.6312097185000816,-0.992798079538606,6.728978499431063e-46,0.028410839159498154,20240315T1800,,,,,,,,,,
-1.4513106151159374,-0.9710324773088971,1.6975505673016374e-31,0.051547613735628994,20230208T1230,,,,,,,,,,
-1.306168169527918,-0.9711337605698499,1.562454602971641e-31,0.04630763250773767,20240322T1500,,,,,,,,,,
-1.3755219855676653,-0.9755879015784346,2.9416260278393382e-33,0.04469214990053378,20230421T1730,,,,,,,,,,
-0.9759377460247727,-0.9739576556987031,1.362943606279822e-32,0.032792186499823295,20240311T1200,,,,,,,,,,
-1.1643619710604776,-0.9848252901612007,3.61121593157893e-38,0.029616214133605767,20231023T1030,,,,,,,,,,
-1.1875259913727898,-0.9684603107111444,1.2706338941940715e-30,0.04409940343938151,20240319T1630,,,,,,,,,,
-1.171905870381657,-0.9735584105805594,1.954878078812547e-32,0.03968979620939516,20231202T1500,,,,,,,,,,
-1.3155065137925277,-0.9457201422856616,4.482629754049988e-25,0.06524831232467403,20230414T0930,,,,,,,,,,
-1.099857967116331,-0.9685884814971758,1.153986029753313e-30,0.04075666333362184,20231115T1430,,,,,,,,,,
-1.3910214954812372,-0.9940708660989511,6.413583726768478e-48,0.021961489905804,20230623T1900,,,,,,,,,,
-1.148969398089691,-0.951591767468874,3.0697438432242395e-26,0.05356625305531559,20230210T0930,,,,,,,,,,
-1.4667358429725983,-0.9910903845996553,1.0904004863125612e-43,0.0284507022046111,20231121T1700,,,,,,,,,,
-1.1153206211756395,-0.962421230574491,7.954968029143497e-29,0.04542357507521513,20231202T1030,,,,,,,,,,
-1.1774467774936417,-0.952739221957269,1.748588213573578e-26,0.05419000368395935,20240319T1300,,,,,,,,,,
-1.2494674968266486,-0.9881799546200338,9.328436390732556e-41,0.027977294974654034,20231023T1500,,,,,,,,,,
-1.0229675368744868,-0.9802753988178647,1.8576715272054887e-35,0.02976871176965683,20240311T1730,,,,,,,,,,
-1.189431439460923,-0.9746268365120246,7.351804790706517e-33,0.03942850005543004,20230421T1200,,,,,,,,,,
-1.1996179177741768,-0.9837973051767819,1.7214451002017917e-37,0.03155433054497836,20231117T1130,,,,,,,,,,
-1.428388601086142,-0.993520244301228,5.371185112040483e-47,0.0235851518914809,20230623T1500,,,,,,,,,,
-1.0013073250648108,-0.9880591420628894,1.189103627017521e-40,0.022537007510790144,20230622T2000,,,,,,,,,,
-1.280932982468508,-0.9804420549519092,1.5182213107208583e-35,0.03711304078836122,20230404T0930,,,,,,,,,,
-1.5138327756794712,-0.9835002039508793,2.653686418364176e-37,0.04019187282769772,20240322T1900,,,,,,,,,,
-0.9594053396433626,-0.9783540705481958,1.692388459358147e-34,0.029290419116869217,20240320T1000,,,,,,,,,,
-0.9861168324623675,-0.982819630242528,6.947926491775207e-37,0.026729558736775735,20230302T0730,,,,,,,,,,
-1.0089155281412439,-0.9819129803040786,2.363200293984835e-36,0.028079345665258656,20230302T1500,,,,,,,,,,
-1.4390211919808336,-0.9887140523424587,3.09340456589872e-41,0.03147248617243082,20240315T1500,,,,,,,,,,
-1.3416440093607098,-0.9739205957877761,1.409678816806336e-32,0.045113528796076094,20231121T0930,,,,,,,,,,
-1.070203235515697,-0.9763397506536291,1.4001473622903502e-33,0.03421252524844209,20230622T1330,,,,,,,,,,
-1.4986275715501,-0.965387390254914,1.1431533321230649e-29,0.05844033993320065,20230210T1700,,,,,,,,,,
-1.2155736542990168,-0.9638598072888409,3.1681469457580117e-29,0.0484950333607022,20230208T1600,,,,,,,,,,
-1.411833499345573,-0.9752973291114213,3.8950179897279206e-33,0.04615449710289364,20230616T1000,,,,,,,,,,
-1.2781884100409133,-0.9754107042842278,3.492300366465144e-33,0.041685833123871696,20230414T1700,,,,,,,,,,
-1.3905114393953306,-0.9893472452442112,7.792228216557227e-42,0.02953190491359964,20230224T1430,,,,,,,,,,
-1.503230041577816,-0.9895490133619089,4.9354020432747233e-42,0.03161720573132486,20230619T1000,,,,,,,,,,
-1.404024847296174,-0.9704699631087838,2.676405387838252e-31,0.05037197522978352,20240315T1030,,,,,,,,,,
-0.991707574066224,-0.9825764785695547,9.708725957369915e-37,0.02707569351958617,20230302T1030,,,,,,,,,,
-1.3444102960290147,-0.9823746722145219,1.2770773276596645e-36,0.03692287632940119,20230224T1100,,,,,,,,,,
-1.3410669039815135,-0.9808484996598877,9.213218773746112e-36,0.038437481637437466,20230414T1230,,,,,,,,,,
-1.3412892242614503,-0.9626290602963565,6.979874527342803e-29,0.05446643752477922,20230208T1330,,,,,,,,,,
-1.5002193380765345,-0.9769167600058952,7.791647963672232e-34,0.0473499097188774,20240315T1900,,,,,,,,,,
-1.0386540509381001,-0.9539766407467487,9.380154764223757e-27,0.047126089216875444,20230210T1230,,,,,,,,,,
-1.0671185505151104,-0.9928592403592544,5.487185231163514e-46,0.018506099321441635,20230404T1700,,,,,,,,,,
-1.0947544479465656,-0.9877160963833673,2.3376877867657818e-40,0.02499823496334264,20230622T1600,,,,,,,,,,
-1.1768723068496576,-0.9869643375202239,9.644547080054378e-40,0.02769930384280337,20231023T1130,,,,,,,,,,
-1.013050134600553,-0.9778358133346455,2.9689522849596503e-34,0.03130872618439746,20240311T1300,,,,,,,,,,
-1.126318447214668,-0.965533797729635,1.0342747690433596e-29,0.043823803964214,20231202T1400,,,,,,,,,,
-1.1928346251463926,-0.9671527118162156,3.319455659028613e-30,0.04525153991926024,20240319T1730,,,,,,,,,,
-1.1834570372074507,-0.9877053072789126,2.387180034384197e-40,0.02703580644109669,20231117T1500,,,,,,,,,,
-1.4600977785922953,-0.988206672485069,8.83793567998422e-41,0.03265596206306531,20240322T1400,,,,,,,,,,
-1.4259823693284503,-0.9771458642188673,6.148546493669197e-34,0.04477503108686912,20230421T1630,,,,,,,,,,
-1.424053378675373,-0.972548281493212,4.753164737240277e-32,0.049180514591077217,20230210T0830,,,,,,,,,,
-1.2664857504184792,-0.9897578674469995,3.047355504444179e-42,0.026366108678829586,20231023T1800,,,,,,,,,,
-1.530611486184996,-0.9671158694912501,3.408566074796248e-30,0.05809971369307798,20230414T0830,,,,,,,,,,
-1.4155466633991056,-0.9937414066890339,2.3397423039271575e-47,0.022966931001274858,20230623T1800,,,,,,,,,,
-1.4468209798653866,-0.9819081882808481,2.378145990268028e-36,0.04027226843463672,20230208T0930,,,,,,,,,,
-0.9724404350929878,-0.993056535937236,2.8071222271643716e-46,0.016627092823996305,20240320T1430,,,,,,,,,,
-1.163654871950561,-0.9810597307916077,7.076743300815115e-36,0.033162707664968184,20230421T1300,,,,,,,,,,
-1.3850274434792005,-0.9926990478023848,9.328700386755745e-46,0.024290181721082483,20230623T1400,,,,,,,,,,
-1.5544882439187628,-0.9832496578973873,3.79945708371084e-37,0.04159140140531787,20240322T1130,,,,,,,,,,
-1.2170521848544738,-0.9878963906249667,1.6426302984639839e-40,0.02758236524430125,20231117T1030,,,,,,,,,,
-0.9963557339929939,-0.9886930388715093,3.233882666130116e-41,0.021811681920043034,20240320T1830,,,,,,,,,,
-1.1186274271861536,-0.9622857193986974,8.659558860625794e-29,0.045645171121933545,20240319T1200,,,,,,,,,,
-1.1353918762923463,-0.9648989810821696,1.59137834185526e-29,0.044603947038885074,20231202T1130,,,,,,,,,,
-1.0451257280854973,-0.9813429135818513,4.9452394359070925e-36,0.029554857120264667,20240311T1630,,,,,,,,,,
-1.2249002071943116,-0.9887497263664349,2.8682034637175283e-41,0.026746399203236328,20231023T1400,,,,,,,,,,
-0.9488818151933706,-0.9889128546027094,2.0237456652919274e-41,0.020566066303468016,20240320T1100,,,,,,,,,,
-1.0746892579323637,-0.9610981995259857,1.7981766401368993e-28,0.04457886911813796,20240322T1800,,,,,,,,,,
-1.36027519258128,-0.969918763789976,4.146032744228628e-31,0.04927683394466382,20230802T1500,,,,,,,,,,
-1.52591072287662,-0.9934587857404433,6.732376254808507e-47,0.025315789120801877,20231121T1330,,,,,,,,,,
-1.0666945099468501,-0.9869668653455868,9.60003096627637e-40,0.025103635595862834,20230622T2100,,,,,,,,,,
-0.4983193993352541,-0.8654592106751866,5.132148813778607e-16,0.04163517896186545,20231202T1800,,,,,,,,,,
-1.1565632859390282,-0.9865911412474914,1.8909955185154666e-39,0.027616060591618054,20230404T0830,,,,,,,,,,
-1.3244060920007772,-0.984253146789607,8.722715068656747e-38,0.034331214517111526,20230414T1400,,,,,,,,,,
-1.2675970170163233,-0.9705426271403769,2.524792248433911e-31,0.04541882535015582,20230619T1300,,,,,,,,,,
-1.1877539226984999,-0.9391086257136506,6.561093225324651e-24,0.06272908926382452,20230208T1500,,,,,,,,,,
-1.39187106840894,-0.9832401891109855,3.850934851901754e-37,0.03725126124009419,20230616T1300,,,,,,,,,,
-1.0447153529476234,-0.9535158992490196,1.1851668848360223e-26,0.047655179681604695,20230210T1400,,,,,,,,,,
-1.0447153529476234,-0.9535158992490196,1.1851668848360223e-26,0.047655179681604695,20230210T1400,,,,,,,,,,
-1.4256453070218893,-0.9886638466636389,3.439212866709033e-41,0.03125041304896631,20240315T1600,,,,,,,,,,
-1.0302472119043808,-0.9834890588112654,2.696707609185632e-37,0.027362269508245215,20230302T1600,,,,,,,,,,
-0.9907054720939871,-0.9876138848985124,2.8488048567576584e-40,0.022718011903354773,20230622T1900,,,,,,,,,,
-1.0873434286336818,-0.9814590288059493,4.2626201081736506e-36,0.03065015878926337,20230622T1500,,,,,,,,,,
-1.043394240425328,-0.946989080294935,2.5775729683655913e-25,0.051091337562922584,20230210T1130,,,,,,,,,,
-1.4584403993967106,-0.973162227132841,2.7810602904789843e-32,0.04977800152482335,20230404T1400,,,,,,,,,,
-1.2695184668631008,-0.9496262035917146,7.803847050219907e-26,0.06047052401303094,20230616T1630,,,,,,,,,,
-1.5521610333126783,-0.9840288446826485,1.2217703749575169e-37,0.04052756268049174,20230208T1030,,,,,,,,,,
-1.2307980652649833,-0.9381593273721486,9.408797754683632e-24,0.0655573553779138,20230414T1130,,,,,,,,,,
-0.37118273855187633,-0.7479921043167601,4.2998052861974056e-10,0.04753866118152988,20230210T1800,,,,,,,,,,
-1.3761618004520018,-0.9765576391871569,1.1240836779158219e-33,0.0437830904265183,20230414T1800,,,,,,,,,,
-0.9863521373810371,-0.9827202870046611,7.970242109547742e-37,0.02681516275659477,20230302T1330,,,,,,,,,,
-1.3922944302783424,-0.9794907914170852,4.696213074967871e-35,0.04133912725155713,20240315T1330,,,,,,,,,,
-1.479970927427189,-0.9909819065136078,1.4561374712935616e-43,0.02888403506584605,20230614T1600,,,,,,,,,,
-1.4034990965850727,-0.9934034782292072,8.234958204505007e-47,0.02338411554985415,20230623T2000,,,,,,,,,,
-0.9909584392028404,-0.9885799050447592,4.1015738679476515e-41,0.021803661163720175,20240320T1730,,,,,,,,,,
-1.3273275335796069,-0.9775541334903828,4.0074529015282354e-34,0.04129039584698837,20230224T0800,,,,,,,,,,
-1.283529243837109,-0.9859335004434667,5.923501323174464e-39,0.03140601944594415,20230421T1530,,,,,,,,,,
-0.9909307555824998,-0.9826543423597779,8.726792922300584e-37,0.026992356388634467,20230302T0930,,,,,,,,,,
-1.2020448196131386,-0.9934349530652805,7.344475977082852e-47,0.019979313354829057,20231117T1600,,,,,,,,,,
-1.2941724189715527,-0.983547207058691,2.4793739964519784e-37,0.03430973773888588,20240322T1700,,,,,,,,,,
-1.5321715740299682,-0.9727041658397859,4.1532098307244225e-32,0.05275761721074329,20230210T0745,,,,,,,,,,
-1.3409754818305937,-0.9944332924417109,1.4171462029007274e-48,0.020508482383701582,20230623T1230,,,,,,,,,,
-1.4518611109768083,-0.9812636413900772,5.470118492314357e-36,0.04114645995267619,20240315T0930,,,,,,,,,,
-1.5530788354342813,-0.9720750654657374,7.125700724046575e-32,0.05411664723181171,20230614T0945,,,,,,,,,,
-1.0596349319903273,-0.9617784154717149,1.186556963530134e-28,0.04354516509987015,20231202T1700,,,,,,,,,,
-1.1647665332669146,-0.9601419927805482,3.1861320473566336e-28,0.048942298086318295,20240319T1430,,,,,,,,,,
-1.1822674288172599,-0.9863450023930327,2.9180882240662426e-39,0.02849308102739885,20231023T1230,,,,,,,,,,
-0.9925561160522345,-0.9708846670727133,1.9149352278583338e-31,0.035347466726905585,20240311T1000,,,,,,,,,,
-1.209121030782109,-0.9602564584098731,2.97746375717967e-28,0.05072845655153236,20240319T1830,,,,,,,,,,
-1.540185951634571,-0.9928101572069188,6.464173664033285e-46,0.026802727363441938,20230421T1930,,,,,,,,,,
-1.7401401432769965,-0.9814191348846653,4.486281613795776e-36,0.049105510196542836,20230619T0900,,,,,,,,,,
-1.3959378431037561,-0.9561180591241483,3.062496056147159e-27,0.061741103341204126,20230616T0900,,,,,,,,,,
-1.2972682974178973,-0.9749758442687153,5.293253043100253e-33,0.04269489418451407,20230802T1600,,,,,,,,,,
-0.9925724094234898,-0.9801513354268804,2.1563640015417224e-35,0.028977657971129757,20240311T1530,,,,,,,,,,
-1.280677297052504,-0.9910409819862541,1.2444660295292006e-43,0.02491137977324425,20231023T1700,,,,,,,,,,
-1.2184518516962763,-0.9639040451745273,3.077901476133173e-29,0.048578416075874965,20240319T1100,,,,,,,,,,
-1.1151694647922181,-0.9615916976736877,1.3309795449438537e-28,0.045945862505808906,20231202T1230,,,,,,,,,,
-1.4033237230971107,-0.9930927921729915,2.476667297169558e-46,0.023931087764391172,20230623T1700,,,,,,,,,,
-1.5149986132655326,-0.9794801769429099,4.754331308715235e-35,0.04499438808301598,20240322T1230,,,,,,,,,,
-1.3075782147341295,-0.9476092014973839,1.9570897455606122e-25,0.06362037228651668,20230614T0930,,,,,,,,,,
-1.1900129875323173,-0.9847395762230848,4.129983732379942e-38,0.030356014529393634,20231117T1330,,,,,,,,,,
-1.121381928180657,-0.9552860825961798,4.761771267513199e-27,0.05009864712070504,20230210T1500,,,,,,,,,,
-1.4014368203018923,-0.9880673051827464,1.1698525056405863e-40,0.031531975788799654,20240111T0900,,,,,,,,,,
-1.35993536569831,-0.9848452467786782,3.499719003184844e-38,0.03456745580306912,20230414T1500,,,,,,,,,,
-1.288593770072836,-0.9584360742817941,8.545767828066768e-28,0.05536626628425336,20230208T1400,,,,,,,,,,
-1.0175178408876944,-0.9888191112085752,2.4743559673991806e-41,0.02214829853737526,20230622T1800,,,,,,,,,,
-1.509655120462413,-0.9854826438683661,1.2567192513335012e-38,0.03753919529297949,20240315T1700,,,,,,,,,,
-1.559426478996435,-0.98494179189577,3.005284257535477e-38,0.03950883788205275,20240322T0930,,,,,,,,,,
-1.0083260084519572,-0.9833522419275744,3.28236609180195e-37,0.02689360625652058,20230302T1700,,,,,,,,,,
-1.5262070297473829,-0.9787846269117002,1.0499570182828052e-34,0.04611373420009609,20230208T1130,,,,,,,,,,
-1.223033136935112,-0.9169389867177878,8.774437554713104e-21,0.07682099434483383,20230414T1030,,,,,,,,,,
-1.2761155256798158,-0.9832059853508369,4.042507410530166e-37,0.03418897149844103,20230224T1300,,,,,,,,,,
-1.071821497565414,-0.9754920925075613,3.2281203482428515e-33,0.034895454199961595,20230622T1400,,,,,,,,,,
-1.0524510089487593,-0.9431840669134156,1.3031894823122505e-24,0.05351516349574907,20230210T1030,,,,,,,,,,
-0.9865618850980586,-0.9831064581510663,4.6532705559670655e-37,0.026511636441977737,20230302T1230,,,,,,,,,,
-1.106655866375165,-0.9729330797664472,3.401846694863513e-32,0.037938888313433713,20230623T2100,,,,,,,,,,
-1.0851215439697275,-0.9825993185220696,9.410233559181983e-37,0.02960614853424071,20230614T1700,,,,,,,,,,
-1.439858923015154,-0.9930412649048076,2.9586020706336584e-46,0.02464650400281448,20240315T1230,,,,,,,,,,
-1.4523818011850613,-0.9909780646963663,1.471035956466501e-43,0.028351708181065242,20240111T1630,,,,,,,,,,
-0.9803825276272109,-0.9869641528643124,9.647806689165787e-40,0.02307481407527744,20231115T1730,,,,,,,,,,
-1.2962732677147415,-0.9777308014558457,3.321707702721608e-34,0.04015989157184005,20230224T0900,,,,,,,,,,
-1.174700254019894,-0.9665656139493151,5.044987653569642e-30,0.04498067828347558,20240319T1530,,,,,,,,,,
-1.1051120194623512,-0.9579419280946946,1.1285539300795412e-27,0.04778274379951512,20231202T1600,,,,,,,,,,
-0.9910979109263945,-0.973967963356659,1.350210883881165e-32,0.033294722041873365,20240311T1100,,,,,,,,,,
-1.223768422302967,-0.9887066974512895,3.141894697332659e-41,0.02677361398714096,20231023T1330,,,,,,,,,,
-0.9844522245473307,-0.9820209761889525,2.0492785483954826e-36,0.02731432285624085,20230302T0830,,,,,,,,,,
-1.2243794854925039,-0.984491614116438,6.063886242741411e-38,0.031491354286040024,20230421T1430,,,,,,,,,,
-1.4048098505507465,-0.9929182020534045,4.499995233304019e-46,0.02426051163923633,20230623T1330,,,,,,,,,,
-1.3523430347725263,-0.9794239638149254,5.073782173991288e-35,0.040220345172407294,20240322T1600,,,,,,,,,,
-1.3036105116284904,-0.9886139725291678,3.819223202867066e-41,0.02863926366133133,20231117T1700,,,,,,,,,,
-1.4658720029122778,-0.9736630421098156,1.7795114826113198e-32,0.04954342824345295,20230421T1830,,,,,,,,,,
-1.3689805359189382,-0.9813179621164958,5.1050130274675186e-36,0.03873968802935115,20230802T1700,,,,,,,,,,
-0.9619396078795912,-0.9856681907838987,9.248207615558162e-39,0.023762946795194445,20240320T1300,,,,,,,,,,
-1.210974050557012,-0.9898495827285226,2.458153718662314e-42,0.025095571254454257,20231117T1230,,,,,,,,,,
-1.5321325176623555,-0.9825171007135033,1.0527754660646219e-36,0.04190354759205339,20240322T1330,,,,,,,,,,
-1.3846689582266922,-0.9925656472399016,1.4384911088820468e-45,0.024507217150174322,20230623T1600,,,,,,,,,,
-1.255767448250874,-0.9881364714639075,1.0182932579650886e-40,0.028170964033340056,20231023T1600,,,,,,,,,,
-1.0856916146035498,-0.9764901248449646,1.2035020229889836e-33,0.034593180668896314,20240311T1430,,,,,,,,,,
-1.0822580371623665,-0.9509213613816087,4.238112138663359e-26,0.05083136044588199,20231202T1330,,,,,,,,,,
-1.1377666836457123,-0.9560663361665642,3.1484781173539283e-27,0.050354126660006694,20240319T1000,,,,,,,,,,
